station_code,longitude,value
50136,122.51,275
50136,122.5167,91
50137,122.38,275
50137,122.3833,91
50246,124.7167,91
50246,124.72,275
50247,123.5667,91
50247,123.57,275
50349,124.39,275
50349,124.4,91
50353,126.6333,91
50353,126.64,275
50425,120.18,275
50425,120.1833,91
50431,121.5167,91
50431,121.52,275
50434,121.68,275
50434,121.6833,91
50442,124.1167,91
50442,124.12,275
50445,123.73,275
50445,123.7333,91
50468,127.46,275
50468,127.4667,91
50514,117.3167,91
50514,117.32,275
50524,119.45,91
50524,119.46,275
50525,119.75,366
50526,120.7,366
50527,119.7,366
50548,123.7167,91
50548,123.72,275
50557,125.23,275
50557,125.2333,91
50564,127.33,274
50564,127.3333,91
50564,133.99,1
50566,128.48,275
50566,128.4833,91
50603,116.81,275
50603,116.8167,91
50618,118.2667,91
50618,118.27,275
50632,121.9167,91
50632,121.92,275
50639,122.73,275
50639,122.7333,91
50645,124.48,275
50645,124.4833,34
50646,124.88,275
50646,124.8833,91
50647,123.48,275
50647,123.4833,91
50655,126.1833,91
50655,126.19,275
50656,126.5,91
50656,126.51,275
50658,125.7833,91
50658,125.79,275
50659,126.2333,91
50659,126.24,275
50673,130.4,15
50673,130.4167,91
50673,130.42,260
50674,129.43,275
50674,129.4333,91
50727,119.93,275
50727,119.9333,91
50739,123.24,274
50739,123.25,91
50739,133.99,1
50741,123.5,366
50742,124.48,275
50742,124.4833,91
50745,123.9167,91
50745,123.92,275
50749,124.83,275
50749,124.8333,91
50750,125.29,275
50750,125.3,91
50755,126.0667,91
50755,126.07,275
50756,126.8667,91
50756,126.87,275
50758,125.89,275
50758,125.9,91
50767,127.1,366
50772,129.23,275
50772,129.2333,91
50774,128.8333,91
50774,128.84,275
50775,130.2,366
50776,130.83,275
50776,130.8333,91
50778,132.5333,91
50778,132.54,275
50779,134.4167,91
50779,134.42,275
50787,131.8333,91
50787,131.84,275
50788,132.0,366
50832,122.08,275
50832,122.0833,91
50833,122.88,275
50833,122.8833,91
50834,121.2167,91
50834,121.22,275
50838,122.05,366
50842,124.4167,91
50842,124.42,275
50844,123.45,366
50850,124.9833,91
50850,124.99,275
50851,126.08,275
50851,126.0833,91
50852,126.45,366
50853,126.9667,91
50853,126.97,275
50854,125.3167,91
50854,125.32,275
50858,125.8,91
50858,125.81,275
50859,126.28,275
50859,126.2833,91
50861,127.48,275
50861,127.4833,91
50862,127.98,275
50862,127.9833,91
50867,127.35,366
50871,129.88,275
50871,129.8833,91
50873,130.3,366
50877,129.58,275
50877,129.5833,91
50878,130.7167,91
50878,130.72,275
50879,130.55,91
50879,130.56,275
50880,131.11,275
50880,131.1167,91
50881,131.78,275
50884,131.15,366
50888,132.1667,91
50888,132.17,275
50892,133.99,275
50892,134.0,91
50913,118.83,275
50913,118.8333,91
50915,116.9667,91
50915,116.97,275
50924,119.65,366
50928,120.33,275
50928,120.3333,91
50934,121.58,275
50934,121.5833,91
50936,122.83,275
50936,122.8333,91
50937,121.48,275
50937,121.4833,91
50939,122.75,91
50939,122.76,275
50940,123.1667,91
50940,123.17,275
50945,124.2333,91
50945,124.24,275
50946,124.83,275
50946,124.8333,91
50948,124.0167,91
50948,124.02,275
50949,124.8667,91
50949,124.87,275
50950,125.25,366
50953,126.5667,91
50953,126.57,275
50954,125.08,275
50954,125.0833,91
50955,126.3167,91
50955,126.32,275
50956,126.7667,91
50956,126.77,275
50958,126.9333,91
50958,126.94,275
50960,127.38,275
50960,127.3833,91
50962,128.05,366
50963,128.73,275
50963,128.7333,91
50964,128.8,366
50965,128.28,275
50965,128.2833,91
50968,127.9667,91
50968,127.97,275
50971,130.98,275
50971,130.9833,91
50973,130.6,91
50973,130.61,275
50978,130.91,275
50978,130.9167,91
50979,130.24,275
50979,130.25,91
50983,132.88,275
50983,132.8833,91
50985,131.8667,91
50985,131.87,275
50987,131.09,275
50987,131.1,91
51053,86.4,366
51058,87.9667,91
51058,87.97,275
51059,85.88,275
51059,85.8833,91
51060,86.8667,91
51060,86.87,275
51068,87.48,275
51068,87.4833,91
51076,88.08,275
51076,88.0833,91
51087,89.5,366
51133,83.0,366
51137,83.0667,91
51137,83.07,275
51145,83.65,366
51156,85.75,366
51186,90.38,275
51186,90.3833,91
51232,82.55,366
51238,82.0667,91
51238,82.07,275
51241,83.6,366
51243,84.85,217
51243,84.86,58
51243,84.8667,91
51288,90.53,275
51288,90.5333,91
51328,80.4167,91
51328,80.42,275
51329,80.85,366
51330,81.0167,91
51330,81.02,275
51334,82.8167,91
51334,82.82,272
51334,133.99,3
51346,84.6667,91
51346,84.67,275
51352,85.25,366
51353,86.1,366
51356,86.05,366
51357,85.6167,91
51357,85.62,275
51358,85.8167,91
51358,85.82,275
51359,86.2,366
51365,87.53,275
51365,87.5333,91
51367,86.85,366
51368,87.3167,91
51368,87.32,275
51369,87.65,366
51377,87.9167,91
51377,87.92,275
51378,89.1667,91
51378,89.17,275
51379,89.5667,91
51379,89.57,275
51430,81.15,366
51431,81.33,275
51431,81.3333,91
51433,82.5167,91
51433,82.52,275
51434,81.53,275
51434,81.5333,91
51435,82.23,275
51435,82.2333,91
51436,83.3,366
51437,81.13,275
51437,81.1333,91
51438,81.7667,91
51438,81.77,275
51463,87.65,366
51465,87.1,366
51467,86.33,275
51467,86.3333,91
51468,86.83,242
51469,87.18,275
51469,87.1833,91
51470,88.1167,91
51470,88.12,275
51477,88.3167,91
51477,88.32,275
51482,90.28,275
51482,90.2833,91
51495,91.73,275
51495,91.7333,91
51526,88.2167,91
51526,88.22,275
51542,84.15,366
51559,86.3667,91
51559,86.37,275
51567,86.6,366
51568,86.85,366
51571,88.6,366
51572,89.25,366
51573,89.23,275
51573,89.2333,91
51581,90.23,275
51581,90.2333,91
51627,79.23,275
51627,79.2333,91
51628,80.38,275
51628,80.3833,91
51629,80.23,275
51629,80.2333,91
51633,81.9,366
51636,82.65,366
51639,82.7667,34
51639,82.77,275
51642,84.2667,91
51642,84.27,275
51644,82.9667,91
51644,82.97,275
51655,86.2667,91
51655,86.27,275
51656,85.8167,91
51656,85.82,275
51701,75.4,366
51704,76.2167,91
51704,76.22,275
51705,75.25,366
51707,76.78,275
51707,76.7833,91
51708,75.95,366
51709,75.75,366
51711,78.45,366
51716,78.5667,91
51716,78.57,275
51717,76.78,275
51717,76.7833,91
51720,79.05,366
51722,80.4,366
51730,81.2667,91
51730,81.27,275
51747,83.6667,91
51747,83.67,275
51765,87.7,366
51777,88.18,275
51777,88.1833,91
51802,76.1667,91
51802,76.17,275
51804,75.23,275
51804,75.2333,91
51810,77.63,275
51810,77.6333,91
51811,77.2667,91
51811,77.27,275
51814,77.4,366
51815,77.2667,91
51815,77.27,275
51818,78.28,275
51818,78.2833,91
51826,80.8,366
51827,79.63,275
51827,79.6333,91
51828,79.93,275
51828,79.9333,91
51829,80.23,275
51829,80.2333,91
51839,82.5667,91
51839,82.57,274
51839,82.72,1
51855,85.55,366
51886,90.85,366
51931,81.65,366
52101,93.05,366
52112,94.98,275
52112,94.9833,91
52118,94.7,366
52203,93.5167,91
52203,93.52,275
52267,101.06,275
52267,101.0667,91
52313,94.6667,91
52313,94.67,275
52323,97.03,275
52323,97.0333,91
52378,102.3667,91
52378,102.37,275
52418,94.68,275
52418,94.6833,91
52424,95.78,275
52424,95.7833,91
52436,97.03,275
52436,97.0333,91
52446,99.5167,91
52446,99.52,275
52447,98.8833,91
52447,98.89,275
52495,104.8,366
52515,94.8667,91
52515,94.87,275
52533,98.48,275
52533,98.4833,91
52546,99.83,275
52546,99.8333,91
52557,100.16,275
52557,100.1667,91
52575,102.78,275
52575,102.7833,91
52576,101.68,275
52576,101.6833,91
52602,93.33,275
52602,93.3333,91
52607,106.65,366
52633,98.4167,91
52633,98.42,275
52643,99.6167,91
52643,99.62,275
52645,99.6,366
52652,100.28,275
52652,100.2833,91
52656,100.8167,91
52656,100.82,275
52657,100.25,366
52661,101.08,275
52661,101.0833,91
52674,101.93,275
52674,101.9333,91
52679,102.8667,91
52679,102.87,275
52681,103.0833,91
52681,103.09,275
52707,93.68,275
52707,93.6833,91
52713,95.35,366
52737,97.38,275
52737,97.3833,91
52745,99.0167,91
52745,99.02,275
52754,100.13,275
52754,100.1333,91
52765,101.61,275
52765,101.6167,91
52784,102.9,366
52787,102.8667,91
52787,102.87,275
52797,104.05,366
52818,94.9,91
52818,94.91,275
52825,96.43,275
52825,96.4333,91
52833,98.4833,91
52833,98.49,275
52836,98.1,366
52842,99.08,275
52842,99.0833,91
52853,100.98,275
52853,100.9833,91
52854,100.4833,91
52854,100.49,275
52855,101.25,366
52856,100.6167,91
52856,100.62,275
52862,101.66,275
52862,101.6667,91
52863,101.95,366
52866,101.73,275
52866,101.7333,91
52868,101.3667,91
52868,101.37,275
52869,101.58,275
52869,101.5833,91
52874,102.41,275
52874,102.4167,91
52875,102.1,366
52876,102.8333,91
52876,102.84,275
52877,102.25,91
52877,102.26,275
52881,103.1833,91
52881,103.19,275
52884,103.94,37
52884,103.95,329
52885,103.25,91
52885,103.26,275
52889,103.88,275
52889,103.8833,91
52895,104.6833,91
52895,104.69,275
52896,104.14,275
52896,104.15,91
52908,93.08,275
52908,93.0833,91
52941,100.26,275
52941,100.2667,91
52943,99.98,23
52943,99.9833,91
52943,100.0,252
52955,100.73,275
52955,100.7333,91
52957,100.6,366
52963,102.0167,91
52963,102.02,275
52968,101.4667,91
52968,101.47,275
52972,102.45,91
52972,102.46,275
52974,102.03,275
52974,102.0333,91
52978,102.49,275
52978,102.5,91
52980,103.3,366
52981,103.38,275
52981,103.3833,91
52982,103.55,91
52982,103.56,275
52983,104.14,275
52983,104.15,91
52984,103.18,275
52984,103.1833,91
52985,103.3333,91
52985,103.34,275
52986,103.86,275
52986,103.8667,91
52988,103.7167,91
52988,103.72,275
52993,105.06,275
52993,105.0667,91
52995,104.6,366
52996,105.0,91
52996,105.01,275
52998,104.2,366
53068,111.9333,91
53068,111.94,275
53083,114.15,366
53149,110.13,275
53149,110.1333,91
53192,115.0,366
53195,113.63,275
53195,113.6333,91
53231,106.4,366
53272,112.63,275
53272,112.6333,91
53276,112.9,366
53289,113.83,275
53289,113.8333,91
53324,107.05,366
53336,108.5167,91
53336,108.52,275
53337,108.4667,91
53337,108.47,275
53343,109.9667,91
53343,109.97,275
53348,109.13,275
53348,109.1333,91
53352,110.43,275
53352,110.4333,91
53357,110.1,366
53362,111.65,366
53367,111.23,275
53367,111.2333,91
53368,111.46,275
53368,111.4667,91
53378,112.6167,91
53378,112.62,275
53384,113.18,275
53384,113.1833,91
53385,113.5333,91
53385,113.54,275
53391,114.0,366
53392,114.56,275
53392,114.5667,91
53397,113.98,275
53397,113.9833,91
53399,114.7,366
53419,107.0,366
53420,107.1167,91
53420,107.12,275
53433,108.64,203
53433,108.65,163
53446,109.88,275
53446,109.8833,91
53455,110.53,275
53455,110.5333,91
53457,110.03,275
53457,110.0333,91
53463,111.5667,91
53463,111.57,275
53464,111.1667,91
53464,111.17,275
53466,111.7,366
53467,111.25,366
53469,111.8167,91
53469,111.82,275
53472,112.5667,91
53472,112.57,275
53475,112.4667,91
53475,112.47,275
53478,112.4667,91
53478,112.47,275
53480,113.0667,91
53480,113.07,275
53481,113.2,366
53483,113.83,275
53483,113.8333,91
53484,113.15,366
53486,113.7667,91
53486,113.77,275
53487,113.4167,91
53487,113.42,275
53488,113.58,275
53488,113.5833,91
53490,114.0667,91
53490,114.07,275
53491,114.38,275
53491,114.3833,91
53492,114.15,366
53498,115.03,275
53498,115.0333,91
53499,114.73,275
53499,114.7333,91
53502,105.75,366
53505,105.4,366
53512,106.8,366
53513,107.3667,91
53513,107.37,275
53517,106.33,275
53517,106.3333,91
53518,106.35,366
53519,106.76,275
53519,106.7667,91
53522,107.83,275
53522,107.8333,91
53529,107.96,275
53529,107.9667,91
53533,108.71,275
53533,108.7167,91
53543,110.01,275
53543,110.0167,91
53545,109.7,91
53545,109.71,275
53547,109.03,275
53547,109.0333,91
53553,111.2167,91
53553,111.22,275
53562,111.66,275
53562,111.6667,91
53564,111.2167,91
53564,111.22,275
53565,111.5,366
53567,111.0,366
53573,112.7,366
53574,112.2667,91
53574,112.27,275
53575,112.2,366
53576,112.8167,91
53576,112.82,275
53577,112.3,366
53578,112.43,275
53578,112.4333,91
53579,112.9167,91
53579,112.92,275
53580,113.1,366
53582,113.66,275
53582,113.6667,91
53584,113.1667,91
53584,113.17,275
53585,113.2667,91
53585,113.27,275
53588,113.5167,91
53588,113.52,275
53590,114.2667,91
53590,114.27,274
53590,133.99,1
53593,114.5667,91
53593,114.57,275
53594,114.2167,91
53594,114.22,275
53596,115.15,91
53596,115.16,275
53599,114.68,275
53599,114.6833,91
53602,105.6667,91
53602,105.67,275
53603,106.3667,91
53603,106.37,275
53610,106.34,275
53610,106.35,91
53611,106.55,366
53612,106.18,275
53612,106.1833,91
53614,106.2,91
53614,106.21,275
53615,106.7,366
53617,106.08,275
53617,106.0833,91
53618,106.25,91
53618,106.26,275
53619,106.3,366
53644,108.83,275
53644,108.8333,91
53646,109.78,275
53646,109.7833,91
53651,110.4667,91
53651,110.47,275
53658,110.48,275
53658,110.4833,91
53659,111.0,366
53660,111.08,275
53660,111.0833,91
53662,111.5667,91
53662,111.57,275
53663,111.8167,91
53663,111.82,275
53664,111.13,275
53664,111.1333,91
53665,111.63,275
53665,111.6333,91
53666,111.93,275
53666,111.9333,91
53669,111.8167,91
53669,111.82,275
53673,112.7167,91
53673,112.72,275
53674,112.7,366
53676,112.98,275
53676,112.9833,91
53677,112.48,275
53677,112.4833,91
53678,112.65,91
53678,112.66,275
53679,112.54,275
53679,112.55,91
53680,114.38,275
53680,114.3833,91
53681,113.3667,91
53681,113.37,275
53682,114.68,275
53682,114.6833,91
53685,113.4167,91
53685,113.42,275
53687,113.63,275
53687,113.6333,91
53688,114.55,366
53689,115.0667,91
53689,115.07,275
53690,114.18,275
53690,114.1833,91
53691,114.5667,91
53691,114.57,275
53692,114.98,275
53692,114.9833,91
53693,114.13,275
53693,114.1333,91
53694,114.2167,91
53694,114.22,275
53695,114.68,275
53695,114.6833,91
53696,115.01,275
53696,115.0167,91
53697,114.83,275
53697,114.8333,91
53698,114.4,366
53699,114.95,366
53704,105.18,275
53704,105.1833,91
53705,105.68,275
53705,105.6833,91
53707,105.25,366
53723,107.24,275
53723,107.25,91
53725,107.58,275
53725,107.5833,91
53727,107.11,275
53727,107.1167,91
53730,107.48,275
53730,107.4833,91
53732,108.7167,91
53732,108.72,275
53735,108.8,366
53738,108.1667,91
53738,108.17,275
53740,109.23,275
53740,109.2333,91
53748,109.7,366
53750,110.18,275
53750,110.1833,91
53751,110.03,275
53751,110.0333,91
53753,110.88,275
53753,110.8833,91
53754,110.2167,91
53754,110.22,275
53756,110.7167,91
53756,110.72,275
53757,110.1167,91
53757,110.12,275
53759,110.83,275
53759,110.8333,91
53760,111.23,275
53760,111.2333,91
53763,112.1667,91
53763,112.17,275
53764,111.1167,91
53764,111.12,275
53767,111.18,275
53767,111.1833,91
53768,111.75,366
53769,111.78,275
53769,111.7833,91
53770,112.35,366
53771,112.05,366
53772,112.58,275
53772,112.5833,91
53773,114.6167,91
53773,114.62,275
53774,112.3667,91
53774,112.37,275
53775,112.59,275
53775,112.6,91
53776,112.78,275
53776,112.7833,91
53777,112.15,366
53778,112.23,275
53778,112.2333,91
53780,113.15,366
53781,114.4667,91
53781,114.47,275
53782,113.6167,91
53782,113.62,275
53783,113.7167,91
53783,113.72,275
53784,114.78,275
53784,114.7833,91
53785,114.6667,91
53785,114.67,275
53786,113.33,275
53786,113.3333,91
53787,112.98,275
53787,112.9833,91
53788,113.5667,91
53788,113.57,275
53789,114.63,275
53789,114.6333,91
53790,114.6,91
53790,114.61,275
53791,114.5,366
53792,114.48,275
53792,114.4833,91
53794,114.78,275
53794,114.7833,91
53795,114.4,91
53795,114.41,275
53796,114.8833,91
53796,114.89,275
53797,114.3833,91
53797,114.39,275
53798,114.36,275
53798,114.3667,91
53799,115.0,366
53806,105.64,275
53806,105.65,91
53810,105.89,275
53810,105.9,91
53817,106.2333,91
53817,106.24,275
53821,107.3,366
53829,107.89,275
53829,107.9,91
53832,108.7667,91
53832,108.77,275
53841,109.3167,91
53841,109.32,275
53845,109.45,366
53848,109.35,366
53850,110.18,275
53850,110.1833,91
53852,110.63,274
53852,110.6333,91
53852,110.64,1
53853,110.95,366
53854,110.0667,91
53854,110.07,275
53856,110.75,366
53857,110.18,275
53857,110.1833,91
53859,110.6667,91
53859,110.67,275
53860,111.1667,91
53860,111.17,275
53861,111.38,275
53861,111.3833,91
53862,111.8,366
53863,111.94,275
53863,111.95,91
53864,111.1,366
53865,111.55,91
53865,111.56,275
53866,111.6667,91
53866,111.67,275
53868,111.5,366
53869,111.7,366
53871,112.8667,91
53871,112.87,275
53872,112.7,366
53873,112.8667,91
53873,112.87,275
53874,111.9,366
53875,112.33,275
53875,112.3333,91
53877,112.25,366
53878,113.3667,91
53878,113.37,275
53879,112.88,275
53879,112.8833,91
53880,113.23,275
53880,113.2333,91
53881,106.48,275
53881,106.4833,91
53882,113.03,275
53882,113.0333,91
53883,114.7,366
53884,113.03,275
53884,113.0333,91
53885,113.2,366
53886,113.6667,91
53886,113.67,275
53888,113.43,275
53888,113.4333,91
53889,113.8667,91
53889,113.87,275
53890,114.1,366
53891,114.68,275
53891,114.6833,91
53892,114.4667,91
53892,114.47,275
53893,115.0,366
53894,114.2,366
53895,114.45,91
53895,114.46,275
53896,114.95,366
53897,114.34,275
53897,114.35,91
53898,114.1333,91
53898,114.14,275
53899,114.9667,91
53899,114.97,275
53903,105.71,275
53903,105.7167,91
53906,105.71,275
53906,105.7167,91
53908,105.23,275
53908,105.2333,91
53910,106.2,366
53914,106.1167,91
53914,106.12,275
53915,106.66,275
53915,106.6667,91
53916,106.31,275
53916,106.3167,91
53917,106.05,91
53917,106.06,275
53923,107.63,275
53923,107.6333,91
53924,107.6167,91
53924,107.62,275
53925,107.21,272
53925,107.2167,91
53925,133.99,3
53926,107.35,366
53927,106.6167,91
53927,106.62,275
53928,107.0167,91
53928,107.02,274
53928,133.99,1
53929,107.8,366
53930,107.9833,91
53930,107.99,275
53931,109.3667,91
53931,109.37,275
53934,107.98,275
53934,107.9833,91
53935,108.4,366
53937,107.8833,91
53937,107.89,275
53938,108.3,366
53941,109.58,275
53941,109.5833,91
53942,109.36,275
53942,109.3667,91
53944,109.2333,90
53944,109.24,275
53944,109.25,1
53945,109.0667,91
53945,109.07,275
53946,109.8167,91
53946,109.82,275
53947,109.0667,91
53947,109.07,275
53948,109.63,275
53948,109.6333,91
53949,109.9167,91
53949,109.92,275
53950,110.1833,91
53950,110.19,275
53953,110.85,91
53953,110.86,275
53954,110.9667,91
53954,110.97,275
53955,110.46,275
53955,110.4667,91
53956,110.85,366
53957,110.7167,91
53957,110.72,275
53958,110.78,275
53958,110.7833,91
53959,111.0667,91
53959,111.07,275
53961,111.4833,91
53961,111.49,275
53962,111.7,366
53963,111.3667,91
53963,111.37,275
53964,111.2,91
53964,111.21,275
53965,111.5667,91
53965,111.57,275
53966,111.83,275
53966,111.8333,91
53967,111.2,366
53968,111.6667,91
53968,111.67,275
53970,112.2,366
53972,112.9,366
53973,112.95,366
53974,114.23,275
53974,114.2333,91
53975,112.4167,91
53975,112.42,275
53976,112.8667,91
53976,112.87,275
53978,112.63,275
53978,112.6333,91
53979,113.08,275
53979,113.0833,91
53980,114.8,366
53981,113.2667,91
53981,113.27,275
53982,113.2667,91
53982,113.27,275
53983,114.41,275
53983,114.4167,91
53984,113.46,275
53984,113.4667,91
53985,113.81,275
53985,113.8167,91
53986,113.91,275
53986,113.9167,91
53987,113.35,91
53987,113.36,275
53988,113.7167,91
53988,113.72,275
53989,113.98,275
53989,113.9833,91
53991,114.33,275
53991,114.3333,91
53992,114.5167,91
53992,114.52,275
53993,114.91,275
53993,114.9167,91
53994,114.1,366
53995,114.45,366
53996,114.65,366
53997,114.2,366
53998,114.65,366
54012,117.63,274
54012,117.6333,91
54012,133.99,1
54024,119.3,366
54026,120.9,366
54027,119.3167,91
54027,119.32,275
54031,121.8167,91
54031,121.82,275
54039,122.0167,91
54039,122.02,275
54041,123.0667,91
54041,123.07,275
54047,123.25,309
54049,123.9667,91
54049,123.97,275
54063,126.0,366
54064,125.15,366
54065,125.65,366
54069,125.8,366
54072,126.5167,91
54072,126.52,275
54076,126.93,275
54076,126.9333,91
54080,127.15,366
54092,129.4,366
54093,130.55,366
54094,129.6667,91
54094,129.67,275
54096,131.18,275
54096,131.1833,91
54098,129.4667,91
54098,129.47,275
54099,131.11,275
54099,131.1167,91
54102,116.1167,91
54102,116.12,275
54113,118.63,275
54113,118.6333,91
54115,118.03,275
54115,118.0333,91
54117,117.53,275
54117,117.5333,91
54122,120.03,275
54122,120.0333,91
54132,121.0667,91
54132,121.07,275
54134,121.28,275
54134,121.2833,91
54135,122.2667,91
54135,122.27,275
54142,123.44,275
54142,123.45,90
54142,134.0,1
54154,124.3,366
54155,124.23,275
54155,124.2333,91
54156,124.8,366
54157,124.3833,91
54157,124.39,275
54161,125.2167,91
54161,125.22,275
54164,125.28,275
54164,125.2833,91
54165,125.63,275
54165,125.6333,91
54169,126.0167,91
54169,126.02,275
54171,126.5167,91
54171,126.52,275
54172,126.53,164
54172,126.5333,91
54172,126.54,111
54181,127.33,275
54181,127.3333,91
54186,128.2,366
54187,128.9167,91
54187,128.92,275
54192,130.2667,91
54192,130.27,275
54195,129.78,275
54195,129.7833,91
54204,115.03,275
54204,115.0333,91
54205,116.0,366
54208,116.4667,91
54208,116.47,275
54213,119.0167,91
54213,119.02,275
54214,118.4167,91
54214,118.42,275
54218,118.83,275
54218,118.8333,91
54223,120.65,366
54225,119.94,275
54225,119.95,91
54226,120.7,366
54231,122.3667,91
54231,122.37,275
54234,121.7833,34
54234,121.79,275
54236,122.55,366
54237,121.75,366
54243,124.09,275
54243,124.1,91
54244,123.35,366
54245,123.4,366
54248,123.53,275
54248,123.5333,91
54249,123.86,275
54249,123.8667,91
54252,124.7333,91
54252,124.74,275
54254,124.05,366
54259,124.8667,91
54259,124.87,275
54260,125.08,275
54260,125.0833,91
54261,125.4667,91
54261,125.47,275
54263,126.08,275
54263,126.0833,91
54266,125.63,275
54266,125.6333,91
54267,125.73,275
54267,125.7333,91
54273,126.75,366
54274,125.9833,91
54274,125.99,275
54276,126.8,366
54279,126.58,275
54279,126.5833,91
54284,127.5,366
54285,128.1167,91
54285,128.12,275
54286,129.0,366
54287,128.08,172
54290,129.4,366
54291,130.35,366
54292,129.5,366
54293,129.83,275
54293,129.8333,91
54301,115.65,366
54304,115.2667,91
54304,115.27,275
54305,115.2667,91
54305,115.27,275
54308,116.63,275
54308,116.6333,91
54311,117.7667,91
54311,117.77,275
54313,118.7,366
54316,118.75,366
54318,117.73,275
54318,117.7333,91
54319,118.6667,91
54319,118.67,275
54320,119.3,366
54321,119.71,275
54321,119.7167,91
54323,120.7833,91
54323,120.79,275
54324,120.43,275
54324,120.4333,91
54325,120.36,275
54325,120.3667,91
54326,119.6167,91
54326,119.62,275
54327,119.3833,91
54327,119.39,275
54328,119.7667,91
54328,119.77,275
54330,121.3333,91
54330,121.34,275
54331,121.75,91
54331,121.76,275
54332,122.7,366
54333,122.85,366
54334,121.24,275
54334,121.25,91
54335,122.0833,91
54335,122.09,275
54336,122.43,275
54336,122.4333,91
54337,121.1167,91
54337,121.12,275
54338,122.0333,91
54338,122.04,275
54339,123.0,366
54340,123.3167,91
54340,123.32,275
54342,123.51,273
54342,123.5167,91
54342,133.99,2
54345,123.0667,91
54345,123.07,275
54346,123.78,275
54346,123.7833,91
54347,123.18,275
54347,123.1833,91
54348,123.3667,91
54348,123.37,275
54349,124.13,275
54349,124.1333,91
54351,124.0667,91
54351,124.07,275
54353,125.0333,91
54353,125.04,275
54362,125.73,275
54362,125.7333,91
54363,125.9,366
54365,125.34,275
54365,125.35,91
54371,126.43,275
54371,126.4333,91
54374,126.88,275
54374,126.8833,91
54377,126.2167,91
54377,126.22,275
54386,128.18,275
54386,128.1833,91
54398,116.6167,91
54398,116.62,275
54399,116.28,275
54399,116.2833,91
54401,114.9167,91
54401,114.92,275
54404,115.83,275
54404,115.8333,91
54405,115.5,366
54406,115.9667,91
54406,115.97,275
54408,115.2167,91
54408,115.22,275
54410,116.13,275
54410,116.1333,91
54412,116.63,275
54412,116.6333,91
54416,116.8667,91
54416,116.87,275
54419,116.63,275
54419,116.6333,91
54420,117.33,275
54420,117.3333,91
54421,117.1167,91
54421,117.12,275
54423,117.9167,91
54423,117.92,275
54424,117.1167,91
54424,117.12,275
54425,117.4667,91
54425,117.47,275
54428,117.45,366
54429,117.95,366
54430,118.21,275
54430,118.2167,91
54431,116.75,366
54432,118.4667,91
54432,118.47,275
54433,116.5,366
54434,118.33,275
54434,118.3333,91
54436,118.95,366
54437,118.6167,91
54437,118.62,275
54438,118.88,275
54438,118.8833,91
54439,118.71,275
54439,118.7167,91
54449,119.5167,91
54449,119.52,275
54452,119.79,275
54452,119.8,91
54453,120.96,275
54453,120.9667,91
54454,120.3,91
54454,120.31,275
54455,120.65,366
54470,122.05,91
54470,122.06,275
54471,122.1667,91
54471,122.17,275
54472,122.75,366
54474,122.35,91
54474,122.36,275
54475,122.45,366
54476,122.15,366
54483,123.9,366
54486,123.28,275
54486,123.2833,91
54493,124.78,275
54493,124.7833,91
54494,124.05,366
54497,124.33,275
54497,124.3333,91
54499,116.2167,91
54499,116.22,275
54501,115.68,275
54501,115.6833,91
54502,116.03,275
54502,116.0333,91
54503,115.8167,91
54503,115.82,275
54505,116.15,366
54506,115.95,366
54507,115.5167,91
54507,115.52,275
54510,116.95,366
54511,116.4667,91
54511,116.47,275
54512,116.28,275
54512,116.2833,91
54513,116.2,91
54513,116.21,275
54514,116.25,366
54515,116.7,366
54518,116.39,275
54518,116.4,91
54519,116.48,275
54519,116.4833,91
54520,117.08,275
54520,117.0833,91
54521,116.9833,91
54521,116.99,275
54522,117.7333,91
54522,117.74,275
54523,117.06,275
54523,117.0667,91
54525,117.28,275
54525,117.2833,91
54526,117.3333,91
54526,117.34,275
54527,117.05,366
54528,117.1333,91
54528,117.14,275
54529,117.85,366
54530,117.78,275
54530,117.7833,91
54531,118.7167,91
54531,118.72,275
54532,118.08,275
54532,118.0833,91
54533,118.09,275
54533,118.1,91
54534,118.1,366
54535,118.4667,91
54535,118.47,275
54539,118.8833,91
54539,118.89,275
54540,119.2,366
54541,119.23,275
54541,119.2333,91
54563,122.01,275
54563,122.0167,91
54565,121.47,275
54568,121.75,91
54568,121.76,275
54569,121.94,275
54569,121.95,91
54575,122.3333,91
54575,122.34,275
54579,122.5833,91
54579,122.59,275
54584,122.95,366
54590,124.15,366
54594,116.35,366
54596,116.19,275
54596,116.2,91
54597,115.7333,91
54597,115.74,275
54601,115.64,275
54601,115.65,91
54602,115.48,275
54602,115.4833,91
54603,115.7667,91
54603,115.77,275
54604,115.29,275
54604,115.3,91
54605,115.88,275
54605,115.8833,91
54606,115.74,275
54606,115.75,91
54607,115.11,275
54607,115.1167,91
54608,115.55,366
54609,115.5833,91
54609,115.59,275
54610,116.1,366
54611,115.3167,91
54611,115.32,275
54612,116.45,91
54612,116.46,275
54613,116.6167,91
54613,116.62,275
54614,116.05,91
54614,116.06,275
54615,116.85,366
54616,116.85,366
54617,116.1667,91
54617,116.17,275
54618,116.55,366
54619,116.9167,91
54619,116.92,275
54620,115.5667,91
54620,115.57,275
54621,115.18,275
54621,115.1833,91
54622,117.4167,91
54622,117.42,275
54623,117.7167,91
54623,117.72,275
54624,117.3167,91
54624,117.32,275
54626,115.8167,91
54626,115.82,275
54627,117.23,275
54627,117.2333,91
54628,117.41,275
54628,117.4167,91
54631,115.15,366
54632,115.03,275
54632,115.0333,91
54633,115.2667,91
54633,115.27,275
54636,116.1167,91
54636,116.12,275
54640,114.8667,91
54640,114.87,275
54644,117.1167,91
54644,117.12,275
54645,117.4667,91
54645,117.47,275
54646,118.41,6
54646,118.4167,91
54646,118.42,269
54660,121.2333,91
54660,121.24,275
54662,121.6333,91
54662,121.64,275
54700,115.93,275
54700,115.9333,91
54701,115.2,366
54702,115.7,366
54703,115.9,366
54704,115.56,275
54704,115.5667,91
54705,115.38,275
54705,115.3833,91
54706,115.6667,91
54706,115.67,275
54707,115.98,275
54707,115.9833,91
54708,115.73,275
54708,115.7333,91
54709,116.0667,91
54709,116.07,275
54710,116.1667,91
54710,116.17,275
54711,116.26,275
54711,116.2667,91
54712,116.8167,91
54712,116.82,275
54713,116.53,275
54713,116.5333,91
54714,116.33,275
54714,116.3333,91
54715,116.5167,91
54715,116.52,275
54716,116.8,366
54717,116.4,366
54718,116.4667,91
54718,116.47,275
54719,116.68,275
54719,116.6833,91
54722,117.63,275
54722,117.6333,91
54723,117.5667,91
54723,117.57,275
54724,117.13,275
54724,117.1333,91
54725,117.53,275
54725,117.5333,91
54726,117.18,275
54726,117.1833,91
54727,117.5167,91
54727,117.52,275
54728,117.35,366
54729,117.8667,91
54729,117.87,275
54730,118.13,275
54730,118.1333,91
54731,118.2167,91
54731,118.22,275
54732,118.5167,91
54732,118.52,275
54734,118.03,275
54734,118.0333,34
54736,118.6667,91
54736,118.67,275
54737,118.15,366
54738,118.3667,91
54738,118.37,275
54744,118.55,366
54749,119.95,366
54751,120.73,275
54751,120.7333,91
54752,120.7667,91
54752,120.77,275
54753,120.33,275
54753,120.3333,91
54755,120.38,150
54755,120.3833,91
54755,120.39,125
54759,120.85,365
54759,133.99,1
54764,121.23,275
54764,121.2333,91
54765,121.43,275
54765,121.4333,91
54766,121.58,275
54766,121.5833,91
54774,122.13,275
54774,122.1333,91
54776,122.7,366
54777,122.0667,91
54777,122.07,275
54778,122.48,275
54778,122.4833,91
54800,115.25,366
54801,115.48,275
54801,115.4833,91
54802,115.73,275
54802,115.7333,91
54803,116.0167,91
54803,116.02,275
54804,115.18,275
54804,115.1833,91
54805,115.4667,91
54805,115.47,275
54806,115.9667,91
54806,115.97,275
54807,115.7667,91
54807,115.77,275
54808,115.63,275
54808,115.6333,91
54809,115.28,275
54809,115.2833,91
54810,116.2667,91
54810,116.27,275
54811,116.6167,91
54811,116.62,275
54812,116.7167,91
54812,116.72,275
54814,116.25,366
54815,116.2667,91
54815,116.27,275
54816,116.8,366
54817,115.86,275
54817,115.8667,91
54818,116.4167,91
54818,116.42,275
54819,116.8,366
54820,115.2,91
54820,115.21,275
54821,117.2,366
54822,117.73,275
54822,117.7333,91
54823,117.0,91
54823,117.01,275
54824,117.95,366
54825,117.85,366
54826,117.1,366
54827,117.15,366
54828,117.68,275
54828,117.6833,91
54829,117.8667,91
54829,117.87,275
54830,117.93,275
54830,117.9333,91
54831,118.5,366
54832,118.8,366
54833,118.08,275
54833,118.0833,91
54834,118.28,275
54834,118.2833,91
54835,118.5667,91
54835,118.57,275
54836,118.1667,91
54836,118.17,275
54837,118.83,97
54837,118.8333,91
54837,118.84,178
54841,119.4167,91
54841,119.42,275
54842,120.0,366
54843,119.2,366
54844,119.18,275
54844,119.1833,91
54846,119.73,275
54846,119.7333,91
54848,119.48,275
54848,119.4833,91
54849,120.03,275
54849,120.0333,91
54851,120.5667,91
54851,120.57,275
54852,120.7167,91
54852,120.72,275
54853,120.5167,91
54853,120.52,275
54855,120.38,275
54855,120.3833,91
54857,120.33,275
54857,120.3333,91
54861,121.53,275
54861,121.5333,91
54863,121.18,275
54863,121.1833,91
54871,122.48,275
54871,122.4833,91
54900,115.03,275
54900,115.0333,91
54901,115.2333,91
54901,115.24,275
54902,115.14,275
54902,115.15,91
54903,115.48,275
54903,115.4833,91
54904,115.5167,91
54904,115.52,275
54905,115.93,275
54905,115.9333,91
54906,115.53,275
54906,115.5333,91
54907,116.65,366
54908,115.1,366
54909,115.5167,91
54909,115.52,275
54910,116.05,366
54911,116.4,366
54912,116.5,366
54913,116.8,91
54913,116.81,275
54914,116.08,275
54914,116.0833,91
54915,116.6,366
54916,116.85,366
54917,116.33,275
54917,116.3333,91
54918,116.9667,91
54918,116.97,275
54919,116.98,275
54919,116.9833,91
54920,117.28,275
54920,117.2833,91
54921,116.28,275
54921,116.2833,91
54922,117.75,366
54923,117.95,366
54925,117.68,275
54925,117.6833,91
54927,117.2,366
54929,117.9667,91
54929,117.97,275
54932,118.65,366
54935,118.43,275
54935,118.4333,91
54936,118.83,275
54936,118.8333,91
54938,118.4167,91
54938,118.42,275
54939,118.8167,91
54939,118.82,275
54940,119.2,366
54943,120.0,366
54945,119.55,188
54945,119.56,178
55228,80.08,275
55228,80.0833,91
55248,84.4167,91
55248,84.42,275
55279,90.0167,91
55279,90.02,275
55294,91.1,366
55299,92.0667,91
55299,92.07,275
55437,81.25,366
55472,88.64,275
55472,88.65,91
55493,91.1,366
55569,87.6,366
55572,89.1,366
55578,88.88,275
55578,88.8833,91
55585,90.1667,91
55585,90.17,275
55589,90.9667,91
55589,90.97,275
55591,91.13,275
55591,91.1333,91
55593,91.73,275
55593,91.7333,91
55597,91.68,275
55597,91.6833,91
55598,91.7667,91
55598,91.77,275
55655,85.9667,91
55655,85.97,275
55664,87.08,275
55664,87.0833,91
55680,89.6,366
55681,90.4,366
55690,91.95,366
55696,92.4667,91
55696,92.47,275
55773,89.08,275
55773,89.0833,91
56004,92.4333,91
56004,92.44,275
56016,95.6167,91
56016,95.62,273
56016,133.99,2
56018,95.28,275
56018,95.2833,91
56021,95.81,275
56021,95.8167,91
56029,96.96,275
56029,96.9667,91
56033,98.2167,91
56033,98.22,274
56033,133.99,1
56034,97.13,275
56034,97.1333,91
56038,98.1,366
56043,100.23,275
56043,100.2333,91
56045,99.89,70
56045,99.9,296
56046,99.65,366
56065,101.6,366
56067,101.48,275
56067,101.4833,91
56071,102.5,366
56074,102.08,275
56074,102.0833,91
56079,102.96,1
56079,102.9667,91
56079,102.97,274
56080,102.9,366
56081,103.35,366
56082,103.5,366
56084,103.23,275
56084,103.2333,91
56091,104.46,275
56091,104.4667,91
56092,104.65,366
56093,104.0167,91
56093,104.02,275
56094,104.3667,91
56094,104.37,275
56095,104.38,275
56095,104.3833,91
56096,104.9167,91
56096,104.92,275
56097,104.25,366
56106,93.78,275
56106,93.7833,91
56109,93.78,275
56109,93.7833,91
56116,95.6,366
56125,96.4667,91
56125,96.47,275
56128,96.6,366
56137,97.1667,91
56137,97.17,275
56144,98.58,275
56144,98.5833,91
56146,100.0,366
56147,98.83,275
56147,98.8333,91
56151,100.75,366
56152,100.33,275
56152,100.3333,91
56158,100.66,275
56158,100.6667,91
56164,100.96,275
56164,100.9667,91
56167,101.1167,91
56167,101.12,275
56168,102.0667,91
56168,102.07,275
56171,101.7,366
56172,102.23,275
56172,102.2333,91
56173,102.55,366
56178,102.35,91
56178,102.36,275
56180,103.85,366
56181,103.7,366
56182,103.6,366
56183,103.6167,91
56183,103.62,275
56184,103.1667,91
56184,103.17,275
56185,102.98,275
56185,102.9833,91
56186,104.2,366
56187,103.86,275
56187,103.8667,91
56188,103.6667,91
56188,103.67,275
56189,103.93,275
56189,103.9333,91
56190,104.55,366
56192,104.6667,91
56192,104.67,275
56193,104.5167,91
56193,104.52,275
56194,104.45,366
56195,104.73,275
56195,104.7333,91
56196,104.73,275
56196,104.7333,91
56197,104.1667,91
56197,104.17,275
56198,104.5,366
56199,104.7,91
56199,104.71,275
56202,93.28,275
56202,93.2833,91
56223,95.79,274
56223,95.8,43
56223,95.83,1
56223,95.8333,48
56227,95.7667,91
56227,95.77,275
56228,96.8333,91
56228,96.84,275
56247,99.1,366
56251,100.3167,91
56251,100.32,275
56257,100.2667,91
56257,100.27,275
56263,101.88,275
56263,101.8833,91
56267,101.0167,91
56267,101.02,275
56272,103.88,275
56272,103.8833,91
56273,102.8167,91
56273,102.82,275
56276,103.8167,91
56276,103.82,275
56278,102.78,275
56278,102.7833,91
56279,102.94,275
56279,102.95,91
56280,103.1167,91
56280,103.12,275
56281,103.4833,91
56281,103.49,275
56284,103.4333,91
56284,103.44,275
56285,103.4667,91
56285,103.47,275
56286,104.26,275
56286,104.2667,91
56287,103.0,366
56288,103.9167,91
56288,103.92,275
56289,103.8667,91
56289,103.87,275
56290,104.18,275
56290,104.1833,91
56291,104.3,91
56291,104.31,275
56295,104.55,366
56296,104.43,275
56296,104.4333,91
56297,104.1333,91
56297,104.14,275
56298,104.6,348
56298,104.66,18
56307,92.58,275
56307,92.5833,91
56312,94.33,275
56312,94.3333,91
56317,94.2167,91
56317,94.22,275
56331,97.83,275
56331,97.8333,91
56342,98.6,366
56357,100.3,366
56371,102.21,275
56371,102.2167,91
56373,102.84,275
56373,102.85,91
56374,101.9667,91
56374,101.97,275
56376,102.6333,91
56376,102.64,275
56378,102.35,366
56380,103.35,91
56380,103.36,275
56381,103.49,275
56381,103.5,91
56382,103.55,366
56383,103.8667,91
56383,103.87,275
56384,103.5833,91
56384,103.59,275
56385,103.3333,91
56385,103.34,275
56386,103.75,91
56386,103.76,275
56387,103.26,275
56387,103.2667,91
56389,103.95,366
56390,104.0667,91
56390,104.07,275
56391,103.8167,91
56391,103.82,249
56391,103.88,26
56393,104.85,366
56394,104.43,275
56394,104.4333,91
56395,104.6667,91
56395,104.67,275
56396,104.7667,91
56396,104.77,275
56399,104.98,275
56399,104.9833,91
56434,97.4667,91
56434,97.47,275
56441,99.28,275
56441,99.2833,91
56443,99.8,366
56444,98.9,91
56444,98.91,275
56459,101.28,275
56459,101.2833,91
56462,101.5,366
56473,102.7667,91
56473,102.77,275
56474,102.1667,91
56474,102.17,275
56475,102.5167,91
56475,102.52,275
56478,102.43,275
56478,102.4333,91
56479,102.85,366
56480,103.53,275
56480,103.5333,91
56483,103.95,366
56485,103.58,275
56485,103.5833,91
56487,103.13,275
56487,103.1333,91
56489,103.6167,91
56489,103.62,275
56490,103.9,366
56491,104.5,34
56491,104.51,275
56492,104.6,91
56492,104.61,274
56492,133.99,1
56493,104.9667,91
56493,104.97,275
56494,104.33,275
56494,104.3333,91
56496,105.26,275
56496,105.2667,91
56497,104.24,275
56497,104.25,91
56498,104.5,366
56499,104.78,275
56499,104.7833,91
56533,98.6667,91
56533,98.67,275
56543,99.74,197
56543,99.75,169
56548,99.2833,91
56548,99.29,275
56565,101.4833,91
56565,101.49,275
56567,100.85,91
56567,100.86,275
56569,102.18,275
56569,102.1833,91
56571,102.2667,91
56571,102.27,275
56575,102.55,366
56578,102.75,366
56580,102.8,366
56582,103.89,275
56582,103.9,91
56584,103.25,366
56585,103.55,91
56585,103.56,275
56586,103.7167,91
56586,103.72,275
56592,104.5,366
56593,104.95,366
56594,104.0667,91
56594,104.07,275
56595,104.8667,91
56595,104.87,275
56596,105.05,366
56598,104.6833,91
56598,104.69,275
56641,98.8667,91
56641,98.87,275
56643,98.85,366
56645,99.41,275
56645,99.4167,91
56646,99.91,275
56646,99.9167,91
56649,99.95,91
56649,99.96,275
56651,100.2167,91
56651,100.22,275
56652,100.75,366
56654,100.2,365
56654,133.99,1
56664,101.2667,91
56664,101.27,275
56665,101.85,366
56666,101.7167,91
56666,101.72,275
56669,101.66,275
56669,101.6667,91
56670,102.1167,91
56670,102.12,275
56671,102.25,366
56673,102.93,275
56673,102.9333,91
56674,101.75,366
56675,102.58,275
56675,102.5833,91
56684,103.25,366
56688,103.1667,91
56688,103.17,275
56691,104.28,275
56691,104.2833,91
56693,104.8667,91
56693,104.87,275
56697,104.08,275
56697,104.0833,91
56739,98.5,91
56739,98.51,275
56742,99.3667,91
56742,99.37,275
56745,99.95,366
56746,99.53,275
56746,99.5333,91
56748,99.18,275
56748,99.1833,91
56751,100.18,275
56751,100.1833,91
56752,100.5667,91
56752,100.57,275
56755,100.4,366
56756,100.58,275
56756,100.5833,91
56757,100.2833,91
56757,100.29,275
56761,101.3167,91
56761,101.32,275
56763,101.86,95
56763,101.8667,91
56763,101.87,180
56764,101.23,275
56764,101.2333,91
56766,101.5167,91
56766,101.52,275
56767,101.26,274
56767,101.2667,91
56767,133.99,1
56768,101.55,366
56772,102.5,366
56774,102.4167,91
56774,102.42,275
56775,102.45,351
56775,102.46,15
56777,102.1,366
56778,102.65,366
56781,103.2667,91
56781,103.27,275
56782,103.5667,91
56782,103.57,275
56783,103.8,366
56785,103.08,275
56785,103.0833,91
56786,103.8167,91
56786,103.82,275
56788,103.6167,91
56788,103.62,275
56790,104.25,366
56792,104.9667,91
56792,104.97,275
56793,104.53,275
56793,104.5333,91
56835,97.78,275
56835,97.7833,91
56836,97.95,366
56838,97.85,366
56839,98.8167,91
56839,98.82,275
56840,98.26,275
56840,98.2667,91
56841,98.69,275
56841,98.7,91
56842,99.18,275
56842,99.1833,91
56843,99.6167,91
56843,99.62,275
56844,98.57,201
56844,98.58,74
56844,98.5833,91
56846,99.93,275
56846,99.9333,91
56849,99.23,275
56849,99.2333,91
56851,100.5167,91
56851,100.52,275
56854,100.13,275
56854,100.1333,91
56856,100.86,275
56856,100.8667,91
56862,101.6,366
56863,102.5,366
56867,101.1167,91
56867,101.12,275
56869,101.9667,91
56869,101.97,275
56870,102.18,275
56870,102.1833,91
56871,102.5667,91
56871,102.57,275
56872,102.6167,91
56872,102.62,275
56873,102.9167,91
56873,102.92,275
56875,102.55,366
56876,102.76,275
56876,102.7667,91
56878,102.75,366
56879,102.91,275
56879,102.9167,91
56880,103.1333,91
56880,103.14,275
56881,103.26,275
56881,103.2667,91
56882,102.83,275
56882,102.8333,91
56883,103.98,275
56883,103.9833,91
56885,103.45,366
56886,103.7667,91
56886,103.77,275
56889,104.18,275
56889,104.1833,91
56891,104.3167,91
56891,104.32,275
56898,102.4,91
56898,102.41,275
56944,99.2667,91
56944,99.27,275
56946,99.3833,34
56946,99.39,275
56948,99.6333,91
56948,99.64,275
56949,99.6,366
56950,99.8,8
56950,99.8167,83
56950,99.82,275
56951,100.1167,91
56951,100.12,275
56952,100.7167,91
56952,100.72,275
56954,99.93,275
56954,99.9333,91
56958,100.4667,91
56958,100.47,275
56959,100.78,275
56959,100.7833,91
56961,101.05,366
56962,101.6667,91
56962,101.67,275
56964,100.96,275
56964,100.9667,91
56966,101.9667,91
56966,101.97,275
56969,101.58,275
56969,101.5833,91
56970,102.4667,91
56970,102.47,275
56973,102.83,275
56973,102.8333,91
56975,102.43,275
56975,102.4333,91
56976,102.8167,91
56976,102.82,275
56977,101.85,91
56977,101.86,275
56978,102.4167,91
56978,102.42,275
56982,103.28,275
56982,103.2833,91
56984,103.15,366
56985,103.33,275
56985,103.3333,91
56986,103.68,275
56986,103.6833,91
56987,103.23,275
56987,103.2333,91
56989,103.95,366
56991,104.3333,91
56991,104.34,275
56992,104.68,275
56992,104.6833,91
56994,104.28,275
56994,104.2833,91
56995,104.4,366
56996,104.7,366
57001,105.33,275
57001,105.3333,91
57002,105.65,366
57003,106.83,275
57003,106.8333,91
57004,104.88,275
57004,104.8833,91
57006,105.74,275
57006,105.75,91
57007,105.15,91
57007,105.16,275
57008,105.3,366
57011,106.15,366
57012,106.2,366
57014,105.8667,91
57014,105.87,275
57016,107.13,275
57016,107.1333,91
57020,107.4,366
57021,107.13,275
57021,107.1333,91
57022,107.78,275
57022,107.7833,91
57023,108.11,275
57023,108.1167,91
57024,107.65,366
57025,107.38,275
57025,107.3833,91
57026,107.88,275
57026,107.8833,91
57027,107.73,275
57027,107.7333,91
57028,107.3167,91
57028,107.32,275
57029,108.45,366
57030,108.15,366
57031,108.55,366
57032,108.2,91
57032,108.21,275
57033,108.8167,91
57033,108.82,275
57034,108.2333,91
57034,108.24,275
57035,108.23,275
57035,108.2333,91
57037,108.9667,91
57037,108.97,275
57038,108.45,366
57039,108.88,275
57039,108.8833,91
57040,109.0667,91
57040,109.07,275
57041,108.9167,91
57041,108.92,275
57042,109.1833,91
57042,109.19,275
57043,109.9667,91
57043,109.97,275
57044,109.23,275
57044,109.2333,91
57045,109.49,275
57045,109.5,91
57046,110.08,275
57046,110.0833,91
57047,109.3167,91
57047,109.32,275
57048,108.7167,91
57048,108.72,275
57049,109.73,275
57049,109.7333,91
57051,111.24,275
57051,111.25,91
57052,110.45,366
57053,110.7167,91
57053,110.72,275
57054,110.25,366
57055,110.13,275
57055,110.1333,91
57056,110.85,91
57056,110.86,275
57057,110.15,366
57060,111.2167,91
57060,111.22,275
57061,111.2,366
57063,111.76,275
57063,111.7667,91
57065,112.13,275
57065,112.1333,91
57066,111.6667,91
57066,111.67,275
57067,111.0667,91
57067,111.07,275
57070,112.1167,91
57070,112.12,275
57071,112.4667,91
57071,112.47,275
57072,112.75,91
57072,112.76,275
57074,112.4,366
57075,112.89,275
57075,112.9,91
57076,112.78,275
57076,112.7833,91
57077,111.65,91
57077,111.66,275
57078,112.4667,91
57078,112.47,275
57079,113.0333,91
57079,113.04,275
57080,112.9667,91
57080,112.97,275
57081,113.4,366
57082,113.01,275
57082,113.0167,91
57083,113.66,275
57083,113.6667,91
57084,113.05,320
57084,113.49,46
57085,113.3333,91
57085,113.34,275
57086,113.7167,91
57086,113.72,275
57087,113.7333,91
57087,113.74,275
57088,113.5,366
57089,113.93,275
57089,113.9333,91
57090,113.9667,91
57090,113.97,275
57091,114.29,275
57091,114.3,91
57093,114.82,275
57093,114.8333,91
57094,114.22,275
57094,114.2333,91
57095,114.15,91
57095,114.16,275
57096,114.78,275
57096,114.7833,91
57098,114.41,275
57098,114.4167,91
57099,114.85,366
57102,105.7167,91
57102,105.72,275
57105,105.6,366
57106,106.15,366
57110,106.0667,91
57110,106.07,275
57111,106.3,366
57113,106.54,275
57113,106.55,91
57119,106.7,366
57123,108.0667,91
57123,108.07,275
57124,106.9167,91
57124,106.92,275
57126,107.55,366
57127,107.03,275
57127,107.0333,91
57128,107.33,275
57128,107.3333,91
57129,107.7167,91
57129,107.72,275
57131,108.9667,91
57131,108.97,275
57132,108.58,275
57132,108.5833,91
57134,107.98,275
57134,107.9833,91
57137,108.3167,91
57137,108.32,275
57140,109.1167,91
57140,109.12,275
57143,109.9667,91
57143,109.97,275
57144,109.15,366
57153,110.33,275
57153,110.3333,91
57154,110.9,366
57155,109.9167,91
57155,109.92,275
57156,111.4833,91
57156,111.49,275
57162,112.0667,91
57162,112.07,275
57169,111.88,275
57169,111.8833,91
57173,112.8833,91
57173,112.89,275
57175,112.24,275
57175,112.25,91
57176,112.46,275
57176,112.4667,91
57177,113.5333,91
57177,113.54,275
57178,112.4833,91
57178,112.49,275
57179,112.99,275
57179,113.0,91
57180,113.2,366
57181,113.0333,91
57181,113.04,275
57182,113.5167,91
57182,113.52,275
57183,113.92,275
57183,113.9333,91
57184,113.3,366
57185,113.5833,91
57185,113.59,275
57186,114.05,91
57186,114.06,275
57187,112.96,275
57187,112.9667,91
57188,114.04,275
57188,114.05,91
57189,113.96,275
57189,113.9667,91
57190,114.4167,91
57190,114.42,275
57191,114.4667,91
57191,114.47,275
57192,114.88,275
57192,114.8833,91
57193,114.5167,91
57193,114.52,275
57194,114.3,366
57195,114.63,275
57195,114.6333,91
57196,114.8667,91
57196,114.87,275
57197,114.35,366
57198,114.56,275
57198,114.5667,91
57204,105.2167,91
57204,105.22,275
57206,105.9,366
57208,105.5167,91
57208,105.52,275
57211,106.25,366
57213,106.93,275
57213,106.9333,91
57216,106.83,275
57216,106.8333,91
57217,106.25,91
57217,106.26,275
57231,108.53,275
57231,108.5333,91
57232,108.2667,91
57232,108.27,275
57233,108.51,275
57233,108.5167,91
57237,108.03,275
57237,108.0333,91
57238,107.89,275
57238,107.9,91
57242,109.3667,91
57242,109.37,275
57245,109.04,275
57245,109.05,91
57247,108.9,366
57248,109.3333,91
57248,109.34,275
57249,109.6833,91
57249,109.69,275
57251,110.4,91
57251,110.41,275
57253,110.8667,91
57253,110.87,275
57254,110.1167,91
57254,110.12,275
57256,110.78,275
57256,110.7833,91
57257,110.23,275
57257,110.2333,91
57259,110.7667,91
57259,110.77,275
57260,111.51,275
57260,111.5167,91
57261,111.5167,91
57261,111.52,275
57265,111.73,275
57265,111.7333,91
57268,111.6167,91
57268,111.62,275
57271,112.38,275
57271,112.3833,91
57273,112.8,364
57273,133.99,2
57274,111.98,275
57274,111.9833,91
57278,112.08,275
57278,112.0833,91
57279,112.75,91
57279,112.76,275
57281,113.3,366
57285,113.4,366
57290,113.91,275
57290,113.9167,91
57292,114.61,275
57292,114.6167,91
57293,114.98,275
57293,114.9833,91
57294,113.95,366
57295,114.33,275
57295,114.3333,91
57296,114.66,275
57296,114.6667,91
57297,114.04,275
57297,114.05,91
57298,114.55,366
57299,114.8833,91
57299,114.89,275
57303,105.9167,91
57303,105.92,275
57304,105.1667,91
57304,105.17,275
57306,105.98,275
57306,105.9833,91
57307,105.08,275
57307,105.0833,91
57308,105.38,238
57308,105.3833,91
57308,105.39,37
57309,105.88,275
57309,105.8833,91
57313,106.78,275
57313,106.7833,91
57314,106.0667,91
57314,106.07,275
57315,106.4,366
57317,106.4,11
57317,106.41,264
57317,106.4167,91
57318,106.58,275
57318,106.5833,91
57320,107.2167,91
57320,107.22,275
57324,107.08,275
57324,107.0833,91
57326,107.7167,91
57326,107.72,275
57328,107.5,91
57328,107.51,275
57329,107.85,366
57333,108.6667,91
57333,108.67,275
57338,108.4167,91
57338,108.42,275
57339,108.68,275
57339,108.6833,91
57343,109.53,275
57343,109.5333,91
57345,109.6167,91
57345,109.62,275
57348,109.48,275
57348,109.4833,91
57349,109.8667,91
57349,109.87,275
57355,110.35,366
57358,110.9667,91
57358,110.97,274
57358,133.99,1
57359,110.73,275
57359,110.7333,91
57361,111.2667,91
57361,111.27,275
57362,110.66,275
57362,110.6667,91
57363,111.83,275
57363,111.8333,91
57368,111.6333,91
57368,111.64,275
57370,112.2167,91
57370,112.22,275
57377,112.21,275
57377,112.2167,91
57378,112.63,275
57378,112.6333,91
57381,113.3333,91
57381,113.34,274
57381,133.99,1
57385,113.86,275
57385,113.8667,91
57386,114.0,366
57387,113.13,275
57387,113.1333,91
57388,113.69,178
57388,113.7,91
57388,113.71,97
57389,113.75,366
57390,114.0667,91
57390,114.07,275
57395,114.1667,91
57395,114.17,275
57396,114.8667,91
57396,114.87,275
57398,114.6167,91
57398,114.62,275
57399,114.95,366
57401,105.3667,91
57401,105.37,275
57402,105.7,366
57405,105.55,366
57407,105.03,275
57407,105.0333,91
57408,105.3167,91
57408,105.32,275
57409,105.78,275
57409,105.7833,91
57411,106.13,275
57411,106.1333,91
57413,107.0,366
57414,106.45,366
57415,106.63,253
57415,106.6333,91
57415,106.64,22
57416,106.93,275
57416,106.9333,91
57417,106.28,275
57417,106.2833,91
57420,107.1833,91
57420,107.19,275
57425,107.4,366
57426,107.8,366
57431,108.35,366
57432,108.4,366
57437,108.0167,91
57437,108.02,275
57438,108.13,275
57438,108.1333,91
57439,108.93,275
57439,108.9333,91
57445,109.7167,91
57445,109.72,275
57447,109.4667,91
57447,109.47,275
57453,111.4167,91
57453,111.42,275
57458,111.0667,91
57458,111.07,275
57460,111.78,275
57460,111.7833,91
57461,111.36,275
57461,111.3667,91
57462,111.08,275
57462,111.0833,91
57464,111.18,275
57464,111.1833,91
57465,111.43,275
57465,111.4333,91
57466,111.75,366
57469,111.7667,91
57469,111.77,275
57475,112.9,366
57476,112.15,366
57477,112.2167,91
57477,112.22,275
57481,113.57,28
57481,113.58,247
57481,113.5833,91
57482,113.95,366
57483,113.13,275
57483,113.1333,91
57484,112.55,275
57485,113.48,275
57485,113.4833,91
57486,113.85,366
57489,114.0,91
57489,114.01,275
57491,114.4,366
57492,114.8333,91
57492,114.84,275
57493,114.33,275
57493,114.3333,91
57494,114.05,366
57495,114.88,275
57495,114.8833,91
57496,114.6167,91
57496,114.62,275
57498,114.9333,91
57498,114.94,275
57499,114.88,275
57499,114.8833,91
57502,105.69,275
57502,105.7,91
57503,105.1167,91
57503,105.12,275
57505,105.58,275
57505,105.5833,91
57506,105.9,366
57507,105.3,366
57508,105.3667,91
57508,105.37,275
57509,106.9167,91
57509,106.92,275
57510,106.0667,91
57510,106.07,275
57511,106.45,366
57512,106.2667,91
57512,106.27,275
57513,106.63,275
57513,106.6333,91
57514,106.2167,91
57514,106.22,275
57516,106.4667,91
57516,106.47,275
57517,106.25,366
57518,106.5,366
57519,107.1167,91
57519,107.12,275
57520,107.0667,91
57520,107.07,275
57522,107.2667,91
57522,107.27,275
57523,107.76,275
57523,107.7667,34
57525,107.75,366
57536,108.7667,91
57536,108.77,275
57537,108.1667,91
57537,108.17,275
57540,109.14,275
57540,109.15,91
57541,109.48,275
57541,109.4833,91
57543,110.03,275
57543,110.0333,91
57544,109.44,275
57544,109.45,91
57545,109.4167,91
57545,109.42,275
57554,110.16,275
57554,110.1667,91
57558,110.4167,91
57558,110.42,275
57562,111.36,275
57562,111.3667,91
57564,111.0833,91
57564,111.09,275
57565,111.73,275
57565,111.7333,91
57566,111.6667,91
57566,111.67,275
57571,112.41,275
57571,112.4167,91
57573,112.9,366
57574,112.43,275
57574,112.4333,91
57575,112.6,366
57577,112.2,366
57581,113.44,275
57581,113.45,91
57582,113.8667,91
57582,113.87,275
57583,113.9667,91
57583,113.97,275
57584,113.0833,91
57584,113.09,275
57585,113.45,366
57586,114.0333,91
57586,114.04,275
57589,113.88,275
57589,113.8833,91
57590,114.3667,91
57590,114.37,275
57595,114.45,91
57595,114.46,275
57596,114.2,91
57596,114.21,275
57598,114.58,275
57598,114.5833,91
57600,105.06,275
57600,105.0667,91
57603,105.83,275
57603,105.8333,91
57604,105.39,275
57604,105.4,91
57605,105.8167,91
57605,105.82,275
57606,106.83,275
57606,106.8333,91
57608,105.41,13
57608,105.43,262
57608,105.4333,91
57609,105.71,275
57609,105.7167,91
57612,106.65,366
57614,106.2167,91
57614,106.22,275
57623,107.6,366
57625,107.45,91
57625,107.46,275
57633,108.7667,91
57633,108.77,275
57634,107.8833,91
57634,107.89,275
57635,109.0167,91
57635,109.02,275
57636,108.5,366
57637,108.1,366
57640,109.45,91
57640,109.46,275
57642,109.65,366
57643,109.8333,91
57643,109.84,275
57646,109.9667,91
57646,109.97,275
57647,109.2,366
57649,109.68,275
57649,109.6833,91
57655,110.4,366
57657,110.2,91
57657,110.21,275
57658,110.19,81
57658,110.2,285
57661,111.48,275
57661,111.4833,91
57662,111.68,275
57662,111.6833,91
57663,111.95,91
57663,111.96,275
57666,112.1667,91
57666,112.17,275
57669,111.2167,91
57669,111.22,275
57671,112.3667,91
57671,112.37,275
57673,112.93,275
57673,112.9333,91
57674,112.38,275
57674,112.3833,91
57678,112.55,91
57678,112.56,275
57679,113.2,366
57680,113.1,91
57680,113.11,275
57682,113.5667,91
57682,113.57,275
57687,112.7833,91
57687,112.79,275
57688,113.63,275
57688,113.6333,91
57694,114.3667,91
57694,114.37,275
57696,114.7667,91
57696,114.77,275
57698,114.43,275
57698,114.4333,91
57699,114.9667,91
57699,114.97,275
57707,105.2833,91
57707,105.29,275
57708,105.6,366
57710,106.4,366
57712,106.95,366
57714,106.23,275
57714,106.2333,91
57717,106.83,275
57717,106.8333,91
57718,106.7167,91
57718,106.72,275
57719,106.9,91
57719,106.91,275
57720,107.18,275
57720,107.1833,91
57722,107.5,91
57722,107.51,275
57723,107.7167,91
57723,107.72,275
57728,107.46,275
57728,107.4667,91
57729,107.88,275
57729,107.8833,91
57731,108.24,275
57731,108.25,91
57732,108.4,366
57734,108.23,275
57734,108.2333,91
57735,108.8167,91
57735,108.82,275
57736,108.85,366
57737,108.1167,91
57737,108.12,275
57738,108.4167,91
57738,108.42,275
57739,108.9167,91
57739,108.92,275
57740,109.6,366
57741,109.1667,31
57741,109.18,275
57741,109.1833,60
57742,109.2,91
57742,109.21,275
57743,109.8,366
57744,109.16,275
57744,109.1667,91
57745,109.68,275
57745,109.6833,91
57749,110.0,366
57752,110.6,366
57754,109.8333,91
57754,109.84,275
57758,110.6,91
57758,110.61,275
57760,111.43,252
57760,111.4333,91
57760,111.44,23
57761,111.3,366
57762,111.68,275
57762,111.6833,91
57763,112.0,366
57766,111.45,366
57767,111.0,91
57767,111.01,275
57768,111.45,366
57769,111.7333,91
57769,111.74,275
57771,112.53,275
57771,112.5333,91
57772,112.5,91
57772,112.51,275
57773,112.83,275
57773,112.8333,91
57774,112.1667,91
57774,112.17,275
57776,112.69,275
57776,112.7,91
57777,100.27,1
57777,112.8333,91
57777,112.84,274
57778,112.95,366
57779,113.35,366
57780,113.1667,91
57780,113.17,275
57781,113.5,91
57781,113.51,275
57783,113.8167,91
57783,113.82,275
57786,113.85,366
57789,113.95,366
57792,114.68,275
57792,114.6833,91
57793,114.3667,91
57793,114.37,275
57794,114.0167,91
57794,114.02,275
57796,114.88,275
57796,114.8833,91
57798,114.6,366
57799,114.9167,91
57799,114.92,275
57800,105.3667,91
57800,105.37,275
57803,106.0167,91
57803,106.02,275
57805,105.7667,91
57805,105.77,275
57806,105.9,366
57807,105.46,275
57807,105.4667,91
57808,105.7333,91
57808,105.74,275
57809,105.75,366
57811,106.6,366
57813,106.4667,91
57813,106.47,275
57814,106.2667,91
57814,106.27,275
57816,106.73,275
57816,106.7333,91
57818,106.44,275
57818,106.45,91
57821,107.5,366
57822,107.9,366
57824,107.25,366
57825,107.98,275
57825,107.9833,91
57827,107.51,275
57827,107.5167,60
57827,107.5333,31
57828,107.58,275
57828,107.5833,91
57829,107.8,366
57832,108.6667,91
57832,108.67,275
57834,108.3,366
57835,108.43,275
57835,108.4333,91
57837,108.0667,91
57837,108.07,275
57839,109.13,275
57839,109.1333,91
57840,109.2,366
57841,109.6667,91
57841,109.67,275
57842,109.7167,91
57842,109.72,275
57844,109.25,91
57844,109.26,275
57845,109.78,275
57845,109.7833,91
57846,110.15,366
57851,110.83,275
57851,110.8333,91
57853,110.63,275
57853,110.6333,91
57857,110.3167,91
57857,110.32,275
57859,110.63,275
57859,110.6333,91
57860,111.28,275
57860,111.2833,91
57865,111.6167,91
57865,111.62,275
57866,111.6167,91
57866,111.62,275
57867,111.2833,91
57867,111.29,275
57868,111.85,91
57868,111.86,275
57870,112.08,1
57870,112.1,365
57871,112.3667,91
57871,112.37,275
57872,112.6,366
57874,112.39,275
57874,112.4,91
57875,112.6833,91
57875,112.69,275
57876,112.83,274
57876,112.8333,91
57876,133.99,1
57881,113.26,275
57881,113.2667,91
57882,113.55,366
57883,114.28,275
57883,114.2833,91
57886,113.79,275
57886,113.8,91
57887,113.11,275
57887,113.1167,91
57889,113.94,275
57889,113.95,91
57891,114.25,366
57894,114.1667,91
57894,114.17,275
57895,114.78,275
57895,114.7833,91
57896,114.5167,91
57896,114.52,275
57899,114.88,275
57899,114.8833,91
57900,105.2167,91
57900,105.22,275
57902,105.18,275
57902,105.1833,91
57903,105.6,366
57905,105.61,275
57905,105.6167,91
57906,106.08,275
57906,106.0833,91
57907,104.9,366
57908,105.48,275
57908,105.4833,91
57909,105.8167,91
57909,105.82,275
57910,106.08,275
57910,106.0833,91
57911,106.65,335
57911,106.6667,31
57912,106.6333,31
57912,106.65,60
57912,106.66,275
57913,106.98,275
57913,106.9833,91
57914,106.6667,91
57914,106.67,275
57915,106.75,60
57915,106.76,275
57915,106.7667,31
57916,106.76,275
57916,106.7667,91
57921,107.35,366
57922,107.55,366
57923,107.8667,91
57923,107.87,275
57926,107.88,275
57926,107.8833,91
57927,107.18,275
57927,107.1833,91
57932,108.5167,91
57932,108.52,275
57936,108.91,275
57936,108.9167,91
57941,109.6,366
57942,110.0,366
57947,109.4,366
57948,109.25,366
57949,110.0,366
57954,110.15,366
57955,110.6667,91
57955,110.67,275
57956,110.3333,91
57956,110.34,275
57957,110.3,366
57958,110.3167,91
57958,110.32,275
57960,111.0667,91
57960,111.07,275
57962,111.65,91
57962,111.66,275
57964,111.15,366
57965,111.6,366
57966,111.96,275
57966,111.9667,91
57969,111.31,275
57969,111.3167,91
57971,112.2,91
57971,112.21,275
57972,112.9667,91
57972,112.97,178
57972,112.98,97
57973,112.7167,91
57973,112.72,275
57974,112.3667,91
57974,112.37,275
57975,112.2,366
57976,112.9333,91
57976,112.94,275
57978,112.55,366
57981,113.2167,91
57981,113.22,275
57985,113.68,275
57985,113.6833,91
57988,113.34,275
57988,113.35,91
57989,113.76,275
57989,113.7667,91
57990,114.3167,91
57990,114.32,275
57991,114.5667,91
57991,114.57,275
57992,114.73,275
57992,114.7333,91
57993,115.0167,91
57993,115.02,275
57994,114.35,366
57995,114.8667,91
57995,114.87,275
57996,114.25,91
57996,114.26,275
58001,115.1,366
58002,115.58,275
58002,115.5833,91
58003,115.88,275
58003,115.8833,91
58004,115.19,275
58004,115.2,91
58005,115.5333,91
58005,115.54,275
58006,115.88,275
58006,115.8833,91
58007,115.36,275
58007,115.3667,91
58008,115.3167,91
58008,115.32,275
58011,116.0667,91
58011,116.07,275
58012,116.65,91
58012,116.66,275
58013,116.9,91
58013,116.91,275
58015,116.33,275
58015,116.3333,91
58016,116.9667,91
58016,116.97,275
58017,116.15,366
58020,117.1333,91
58020,117.14,275
58021,117.28,275
58021,117.2833,91
58022,117.48,275
58022,117.4833,91
58024,117.58,275
58024,117.5833,91
58025,117.73,275
58025,117.7333,91
58026,118.0167,91
58026,118.02,275
58027,117.16,275
58027,117.1667,91
58030,118.0167,91
58030,118.02,275
58032,118.65,366
58034,118.3167,91
58034,118.32,275
58035,118.35,366
58036,118.71,275
58036,118.7167,91
58038,118.78,275
58038,118.7833,91
58040,119.13,275
58040,119.1333,91
58041,119.43,275
58041,119.4333,91
58044,119.23,275
58044,119.2333,91
58045,119.6,366
58047,119.2333,91
58047,119.24,275
58048,119.29,275
58048,119.3,34
58049,119.8,366
58100,115.1333,91
58100,115.14,275
58101,115.49,275
58101,115.5,91
58102,115.73,275
58102,115.7333,91
58104,115.05,366
58107,115.26,275
58107,115.2667,91
58108,115.3667,91
58108,115.37,275
58109,115.65,366
58111,116.4167,91
58111,116.42,275
58112,116.45,366
58113,116.7,366
58114,116.18,275
58114,116.1833,91
58116,116.8667,91
58116,116.87,275
58117,116.2,366
58118,116.5167,91
58118,116.52,275
58122,117.08,275
58122,117.0833,91
58125,117.5167,91
58125,117.52,275
58126,117.91,275
58126,117.9167,91
58127,117.0667,91
58127,117.07,275
58128,117.35,366
58129,117.83,275
58129,117.8333,91
58130,117.95,91
58130,117.96,275
58131,118.2167,91
58131,118.22,275
58132,118.68,275
58132,118.6833,91
58135,118.2167,91
58135,118.22,275
58138,118.5,91
58138,118.51,275
58139,118.91,275
58139,118.9167,91
58140,119.3,366
58141,118.93,275
58141,118.9333,91
58143,119.85,366
58145,119.15,366
58146,119.7667,91
58146,119.77,275
58147,119.01,275
58147,119.0167,34
58148,119.34,275
58148,119.35,91
58150,120.3,366
58154,120.1,366
58158,120.45,91
58158,120.46,275
58202,115.5667,91
58202,115.57,275
58203,115.73,275
58203,115.7333,91
58205,115.4167,91
58205,115.42,275
58207,115.05,366
58208,115.6167,91
58208,115.62,275
58210,116.15,91
58210,116.16,275
58212,116.7667,91
58212,116.77,275
58214,116.3,366
58215,116.78,275
58215,116.7833,91
58220,117.15,91
58220,117.16,275
58221,117.3,366
58222,117.55,366
58223,117.98,275
58223,117.9833,91
58224,117.05,366
58225,117.6667,91
58225,117.67,275
58230,118.28,261
58230,118.2833,91
58230,118.29,14
58234,118.4167,91
58234,118.42,275
58235,118.85,366
58236,118.25,366
58237,118.5833,91
58237,118.59,275
58238,118.9,366
58240,119.0,366
58241,119.4833,34
58241,119.49,275
58242,119.16,275
58242,119.1667,91
58243,119.8167,91
58243,119.82,275
58244,119.5833,91
58244,119.59,275
58245,119.4167,91
58245,119.42,275
58246,119.99,275
58246,120.0,91
58247,119.8,366
58249,120.05,366
58250,120.16,275
58250,120.1667,91
58251,120.28,275
58251,120.2833,91
58252,119.5,309
58254,120.41,275
58254,120.4167,91
58255,120.61,275
58255,120.6167,91
58257,120.3,366
58259,120.98,275
58259,120.9833,91
58264,121.2167,91
58264,121.22,275
58265,121.54,275
58265,121.55,91
58268,121.08,275
58268,121.0833,91
58269,121.65,366
58301,115.3833,91
58301,115.39,275
58306,115.88,275
58306,115.8833,91
58311,116.5,366
58314,116.3167,91
58314,116.32,275
58316,116.9167,91
58316,116.92,275
58317,116.3667,91
58317,116.37,275
58319,116.95,366
58320,117.03,275
58320,117.0333,91
58321,117.05,91
58321,117.06,275
58323,117.45,91
58323,117.46,275
58326,117.83,275
58326,117.8333,91
58327,117.28,275
58327,117.2833,91
58329,117.8667,91
58329,117.87,275
58330,118.08,275
58330,118.0833,91
58331,118.3667,91
58331,118.37,275
58334,118.4167,91
58334,118.42,275
58335,118.5667,91
58335,118.57,275
58336,118.5667,91
58336,118.57,275
58337,118.2167,91
58337,118.22,275
58338,118.6,366
58339,118.9,366
58340,119.06,275
58340,119.0667,91
58341,119.59,275
58341,119.6,91
58342,119.5333,91
58342,119.54,275
58343,119.98,275
58343,119.9833,91
58344,119.2,366
58345,119.5,366
58346,119.81,275
58346,119.8167,91
58349,120.56,275
58349,120.5667,91
58351,120.3,366
58352,120.7667,91
58352,120.77,275
58353,120.5667,91
58353,120.57,275
58354,120.35,366
58356,121.0,366
58358,120.43,275
58358,120.4333,31
58359,120.6167,91
58359,120.62,275
58360,121.2,366
58361,121.3667,91
58361,121.37,275
58362,121.44,275
58362,121.45,91
58365,121.2,366
58366,121.49,275
58366,121.5,91
58367,121.43,275
58367,121.4333,91
58369,121.78,275
58369,121.7833,91
58370,121.53,275
58370,121.5333,91
58377,121.1,91
58377,121.11,275
58401,115.4,366
58402,115.6667,91
58402,115.67,275
58404,115.2167,91
58404,115.22,275
58407,115.03,275
58407,115.0333,91
58408,115.4667,91
58408,115.47,275
58409,115.93,275
58409,115.9333,91
58414,116.3167,91
58414,116.32,274
58414,133.99,1
58415,116.55,366
58416,116.8167,91
58416,116.82,275
58417,116.1167,91
58417,116.12,275
58418,116.6667,91
58418,116.67,275
58419,117.0,366
58420,117.23,275
58420,117.2333,91
58421,117.86,275
58421,117.8667,91
58423,117.78,275
58423,117.7833,91
58424,116.9667,91
58424,116.97,275
58426,118.13,275
58426,118.1333,91
58427,117.5,366
58428,117.5,366
58429,117.85,366
58431,118.3167,91
58431,118.32,275
58432,118.4,366
58433,118.75,366
58435,118.53,275
58435,118.5333,91
58436,118.98,275
58436,118.9833,91
58437,118.15,366
58438,118.58,275
58438,118.5833,91
58441,119.4167,91
58441,119.42,275
58442,119.18,275
58442,119.1833,91
58443,119.89,275
58443,119.9,91
58446,119.7,357
58446,119.71,9
58448,119.7,366
58449,119.95,366
58450,120.05,366
58451,120.93,275
58451,120.9333,91
58452,120.7667,91
58452,120.77,275
58453,120.5,356
58453,120.51,10
58454,119.98,275
58454,119.9833,91
58455,120.48,275
58455,120.4833,91
58456,120.5167,91
58456,120.52,275
58457,120.1667,91
58457,120.17,275
58458,120.9,366
58459,120.28,275
58459,120.2833,91
58460,121.2667,91
58460,121.27,275
58461,121.1167,91
58461,121.12,275
58462,121.18,275
58462,121.1833,91
58463,121.5,366
58464,121.1167,91
58464,121.12,275
58467,121.3,366
58468,121.13,275
58468,121.1333,91
58472,122.45,366
58474,122.05,366
58477,122.1,363
58477,122.11,3
58484,122.2,366
58500,115.2167,91
58500,115.22,275
58501,115.63,275
58501,115.6333,91
58502,116.0167,91
58502,116.02,275
58503,115.6667,91
58503,115.67,275
58505,115.9,366
58506,115.98,275
58506,115.9833,91
58507,115.1167,91
58507,115.12,273
58507,133.99,2
58508,115.73,275
58508,115.7333,91
58509,115.8167,91
58509,115.82,275
58510,116.2167,91
58510,116.22,275
58512,116.5333,6
58512,116.54,275
58512,116.55,85
58514,116.03,275
58514,116.0333,91
58517,116.18,275
58517,116.1833,91
58519,116.6667,91
58519,116.67,275
58520,117.69,275
58520,117.7,91
58523,117.93,275
58523,117.9333,91
58524,117.2167,91
58524,117.22,275
58527,117.2,366
58529,117.85,366
58530,118.43,275
58530,118.4333,91
58531,118.28,275
58531,118.2833,91
58534,118.18,275
58534,118.1833,91
58537,118.4,366
58542,119.68,275
58542,119.6833,91
58543,119.0167,91
58543,119.02,275
58544,119.2667,91
58544,119.27,275
58546,119.88,273
58546,119.8833,91
58546,133.99,2
58547,119.19,275
58547,119.2,91
58548,119.48,275
58548,119.4833,91
58549,119.65,364
58549,119.66,2
58550,120.25,366
58553,120.8167,91
58553,120.82,275
58555,120.88,275
58555,120.8833,91
58556,120.81,1
58556,120.8167,91
58556,120.82,274
58557,120.08,275
58557,120.0833,91
58558,120.2167,91
58558,120.22,275
58559,120.9667,91
58559,120.97,275
58560,120.43,275
58560,120.4333,91
58561,121.6,366
58562,121.5,366
58563,121.83,275
58563,121.8333,91
58565,121.38,275
58565,121.3833,91
58566,121.9167,91
58566,121.92,275
58567,121.43,275
58567,121.4333,91
58568,121.38,275
58568,121.3833,91
58569,121.95,366
58570,122.3,366
58599,124.91,232
58600,115.3667,91
58600,115.37,275
58601,115.35,366
58602,115.55,366
58605,115.38,275
58605,115.3833,91
58606,115.9,366
58607,115.9667,91
58607,115.97,275
58608,115.55,366
58609,115.8167,91
58609,115.82,275
58612,116.68,275
58612,116.6833,91
58614,116.28,275
58614,116.2833,91
58615,117.0667,91
58615,117.07,275
58616,116.8167,91
58616,116.82,275
58618,116.6,366
58619,116.2667,91
58619,116.27,275
58620,117.1,366
58622,117.58,275
58622,117.5833,91
58623,117.9,366
58624,117.45,366
58625,117.6,366
58626,117.23,275
58626,117.2333,91
58627,117.05,366
58629,117.7,366
58631,118.5,366
58632,118.6,366
58633,118.9,366
58634,118.25,366
58635,118.2,366
58637,117.98,275
58637,117.9833,91
58642,119.8,366
58643,120.03,275
58643,120.0333,91
58644,119.28,275
58644,119.2833,91
58646,119.93,275
58646,119.9333,91
58647,119.13,275
58647,119.1333,91
58648,119.63,275
58652,120.7167,91
58652,120.72,275
58654,120.08,275
58654,120.0833,91
58656,120.9667,91
58656,120.97,275
58657,120.28,275
58657,120.2833,91
58658,120.68,275
58658,120.6833,91
58659,120.65,366
58660,121.18,249
58660,121.2,117
58664,121.3667,91
58664,121.37,275
58665,121.4167,91
58665,121.42,275
58666,121.9,366
58667,121.2667,91
58667,121.27,275
58693,115.83,275
58693,115.8333,91
58696,125.01,232
58701,115.4,366
58704,115.35,366
58705,115.4167,91
58705,115.42,275
58706,115.83,275
58706,115.8333,91
58707,115.13,275
58707,115.1333,91
58710,116.05,366
58712,116.78,275
58712,116.7833,91
58713,117.0667,91
58713,117.07,275
58714,116.23,275
58714,116.2333,91
58715,116.65,366
58718,116.53,275
58718,116.5333,91
58719,116.9167,91
58719,116.92,275
58724,117.3167,91
58724,117.32,275
58725,117.4667,91
58725,117.47,275
58730,118.03,275
58730,118.0333,91
58731,118.53,275
58731,118.5333,91
58734,118.1167,91
58734,118.12,275
58735,118.75,366
58736,118.8167,91
58736,118.82,275
58737,118.3167,91
58737,118.32,275
58742,119.5667,91
58742,119.57,275
58744,119.5,366
58745,119.08,275
58745,119.0833,91
58746,119.7,366
58747,119.35,366
58748,119.65,366
58749,119.88,275
58749,119.8833,91
58750,120.08,235
58750,120.0833,91
58750,133.99,40
58751,120.5667,91
58751,120.57,275
58752,120.65,366
58754,120.2,366
58760,121.15,366
58804,115.35,366
58806,116.0167,91
58806,116.02,275
58813,116.3,366
58814,116.35,366
58818,116.63,275
58818,116.6333,91
58819,116.79,275
58819,116.8,91
58820,117.1667,91
58820,117.17,275
58821,117.4833,91
58821,117.49,275
58822,116.85,366
58823,117.8,366
58824,117.15,366
58826,117.8,366
58828,117.6167,91
58828,117.62,275
58834,118.1667,91
58834,118.17,275
58836,118.73,275
58836,118.7333,91
58837,118.15,366
58839,118.86,275
58839,118.8667,91
58843,120.0167,91
58843,120.02,275
58844,119.15,366
58845,119.55,366
58846,119.5167,91
58846,119.52,275
58847,119.28,275
58847,119.2833,91
58848,119.55,366
58850,120.23,275
58850,120.2333,91
58903,116.0167,91
58903,116.02,275
58905,115.4167,91
58905,115.42,275
58906,115.8,366
58907,115.4,366
58911,116.3667,91
58911,116.37,275
58912,116.73,275
58912,116.7333,91
58917,116.1,366
58918,116.4167,91
58918,116.42,275
58921,117.35,1
58921,117.3667,90
58921,117.37,275
58923,117.83,275
58923,117.8333,91
58926,117.4167,91
58926,117.42,275
58927,117.0167,91
58927,117.02,275
58928,117.53,275
58928,117.5333,91
58929,118.2,366
58931,118.1,366
58932,118.93,275
58932,118.9333,91
58933,118.98,275
58933,118.9833,91
58934,118.2667,91
58934,118.27,274
58934,133.99,1
58935,118.23,275
58935,118.2333,91
58936,118.7,366
58938,119.1,366
58940,119.33,275
58940,119.3333,91
58941,119.5,366
58942,119.38,275
58942,119.3833,91
58944,119.78,275
58944,119.7833,91
58946,119.0,366
59001,105.33,275
59001,105.3333,91
59004,105.08,275
59004,105.0833,91
59007,105.05,366
59012,106.55,366
59015,106.53,239
59015,106.5333,91
59015,106.54,36
59017,106.2667,91
59017,106.27,275
59021,107.03,275
59021,107.0333,91
59022,107.55,366
59023,108.03,275
59023,108.0333,91
59025,107.38,275
59025,107.3833,91
59027,107.25,366
59031,108.2667,91
59031,108.27,275
59033,108.8667,91
59033,108.87,275
59034,108.65,366
59037,108.1,366
59038,108.65,366
59041,109.25,366
59044,109.38,275
59044,109.3833,91
59045,109.78,275
59045,109.7833,91
59046,109.4667,91
59046,109.47,275
59047,109.28,275
59047,109.2833,91
59051,110.5,366
59052,110.8167,91
59052,110.82,275
59053,110.63,275
59053,110.6333,91
59055,110.4,366
59057,110.18,275
59057,110.1833,91
59058,110.5167,91
59058,110.52,275
59059,110.8,366
59061,111.2667,91
59061,111.27,275
59063,111.5667,91
59063,111.57,275
59064,111.3,366
59065,111.5,366
59071,112.28,275
59071,112.2833,91
59072,112.3667,91
59072,112.37,275
59074,112.0667,91
59074,112.07,275
59075,112.63,275
59075,112.6333,91
59081,113.2833,91
59081,113.29,275
59082,113.6,366
59087,113.5167,91
59087,113.52,275
59088,113.41,275
59088,113.4167,91
59090,114.05,366
59091,114.5167,91
59091,114.52,275
59092,114.8,366
59093,115.03,275
59093,115.0333,91
59094,114.11,275
59094,114.1167,91
59096,114.5,366
59097,114.2,3
59097,114.21,275
59097,114.2167,88
59099,114.93,4
59099,114.9333,2
59099,114.94,271
59099,114.95,89
59102,115.65,366
59106,115.8667,91
59106,115.87,275
59107,115.28,275
59107,115.2833,91
59109,115.7167,91
59109,115.72,275
59113,116.7167,91
59113,116.72,275
59114,116.1667,91
59114,116.17,275
59116,116.7,366
59117,116.0667,91
59117,116.07,275
59122,117.75,366
59124,117.38,275
59124,117.3833,91
59125,117.3,366
59126,117.65,366
59127,117.83,275
59127,117.8333,91
59129,117.58,233
59129,117.5833,91
59129,117.59,42
59130,118.18,275
59130,118.1833,91
59131,118.3667,91
59131,118.37,275
59133,118.9167,91
59133,118.92,275
59134,118.0667,91
59134,118.07,275
59137,118.55,366
59205,105.63,275
59205,105.6333,91
59209,105.8167,91
59209,105.82,275
59211,106.6,366
59213,106.95,366
59215,106.63,275
59215,106.6333,91
59218,106.45,366
59224,107.1167,91
59224,107.12,275
59227,107.13,275
59227,107.1333,91
59228,107.5667,91
59228,107.57,275
59229,107.7,366
59230,108.1167,91
59230,108.12,275
59235,108.6167,91
59235,108.62,275
59237,108.3,366
59238,108.83,275
59238,108.8333,91
59241,109.7,366
59242,109.0,1
59242,109.15,365
59246,109.6667,91
59246,109.67,275
59249,109.5667,91
59249,109.57,275
59254,110.03,275
59254,110.0333,91
59255,110.4167,91
59255,110.42,275
59256,110.9,366
59264,111.5,366
59265,111.3,366
59266,111.25,366
59268,111.54,275
59268,111.55,91
59269,111.78,275
59269,111.7833,91
59270,112.1833,91
59270,112.19,275
59271,112.4167,91
59271,112.42,275
59276,112.64,275
59276,112.65,91
59278,112.48,275
59278,112.4833,91
59279,112.88,275
59279,112.8833,91
59280,113.08,275
59280,113.0833,91
59284,113.2333,91
59284,113.24,275
59285,113.6167,91
59285,113.62,275
59287,113.48,275
59287,113.4833,91
59288,113.01,275
59288,113.0167,91
59289,113.7333,91
59289,113.74,275
59290,114.25,366
59293,114.73,275
59293,114.7333,91
59294,113.83,275
59294,113.8333,91
59297,114.25,91
59297,114.26,275
59298,114.3667,91
59298,114.37,275
59303,115.75,366
59304,115.18,275
59304,115.1833,91
59306,115.85,366
59310,116.1667,91
59310,116.17,275
59312,116.7,363
59312,134.0,3
59313,116.9833,91
59313,116.99,275
59314,116.1333,1
59314,116.2,365
59315,116.4,366
59316,116.68,275
59316,116.6833,91
59317,116.3,366
59318,116.5833,91
59318,116.59,275
59319,116.8333,91
59319,116.84,275
59320,117.13,233
59320,117.1333,91
59320,117.14,42
59321,117.5,366
59322,117.3667,91
59322,117.37,275
59324,117.03,275
59324,117.0333,91
59417,106.85,366
59419,106.73,275
59419,106.7333,91
59421,107.1667,91
59421,107.17,275
59425,107.38,275
59425,107.3833,91
59426,107.9167,91
59426,107.92,275
59427,107.03,275
59427,107.0333,91
59429,108.0167,91
59429,108.02,275
59431,108.55,366
59435,108.45,366
59441,109.25,366
59446,109.3,366
59448,109.55,366
59449,109.98,275
59449,109.9833,91
59451,110.38,275
59451,110.3833,91
59452,110.53,275
59452,110.5333,91
59453,110.1167,91
59453,110.12,275
59454,111.0,365
59454,112.0,1
59456,110.92,275
59456,110.9333,91
59457,110.2667,91
59457,110.27,275
59462,111.6,366
59469,111.78,275
59469,111.7833,91
59470,112.2,91
59470,112.21,275
59471,112.05,366
59473,112.98,275
59473,112.9833,91
59475,112.65,366
59476,113.03,275
59476,113.0333,91
59477,112.23,275
59477,112.2333,91
59478,112.7833,91
59478,112.79,275
59480,113.24,275
59480,113.25,91
59481,113.36,275
59481,113.3667,91
59485,113.4,366
59487,113.3,366
59488,113.5667,91
59488,113.57,275
59492,114.6667,91
59492,114.67,275
59493,114.0,366
59500,115.31,275
59500,115.3167,91
59501,115.3667,91
59501,115.37,275
59502,115.65,366
59626,107.95,366
59631,108.35,366
59632,108.6,366
59635,108.39,99
59635,108.4,210
59640,109.18,275
59640,109.1833,91
59644,109.13,275
59644,109.1333,91
59647,109.1,366
59650,110.24,275
59650,110.25,91
59653,110.86,275
59653,110.8667,91
59654,110.3,366
59655,110.61,275
59655,110.6167,91
59656,110.81,275
59656,110.8167,91
59658,110.3,366
59659,110.91,275
59659,110.9167,91
59663,111.98,275
59663,111.9833,91
59664,110.9833,91
59664,110.99,275
59673,112.7667,91
59673,112.77,275
59750,110.0667,91
59750,110.07,275
59754,110.16,275
59754,110.1667,91
59757,110.3667,91
59757,110.37,275
59758,110.25,366
59838,108.6167,91
59838,108.62,275
59842,109.68,275
59842,109.6833,91
59843,110.0167,91
59843,110.02,275
59845,109.58,275
59845,109.5833,91
59847,109.05,366
59848,109.43,275
59848,109.4333,91
59849,109.84,275
59849,109.85,34
59851,110.3333,91
59851,110.34,275
59854,110.1,366
59855,110.48,275
59855,110.4833,91
59856,110.75,366
59940,109.16,275
59940,109.1667,91
59941,109.5167,91
59941,109.52,275
59945,109.7,366
59948,109.5833,91
59948,109.59,275
59951,110.33,275
59951,110.3333,91
59954,110.03,275
59954,110.0333,91
59981,112.33,275
59981,112.3333,91
59985,111.6167,91
59985,111.62,275
